farmer_id,name,phone,village,district,lat,lon,language_pref
1,Ramesh Patil,9876543210,Dindori,Nashik,20.07,73.85,mr
2,Shyam Patil,9364967119,Chandur,Pune,18.4432,73.8145,mr
3,Sunil Nikam,9757422748,Kurkumbh,Solapur,17.5705,75.8611,mr
4,Nanasaheb Sharma,9135955884,Karad,Pune,18.3612,73.7545,mr
5,Machhindra Mhaske,9925813158,Ashta,Kolhapur,16.8335,74.3529,mr
6,Sopan Nikam,9513733802,Shikrapur,Pune,18.5747,73.984,mr
7,Ramesh Kadam,9709315523,Biloli,Kolhapur,16.6267,74.3381,mr
8,Manisha Bhalerao,9838237978,Kurkumbh,Pune,18.3765,73.9213,mr
9,Ramesh Wankhede,9655007147,Tempale,Ahmednagar,19.1285,74.8618,mr
10,Kailas Kadam,9205143332,Chandur,Solapur,17.6829,75.8461,mr
11,Mangesh Khairnar,9329109523,Patur,Nanded,19.0215,77.2306,mr
12,Gorakh Dhage,9758188832,Kavathe,Pune,18.4628,73.8097,mr
13,Hiralal Shinde,9777827417,Kavathe,Pune,18.5226,73.9392,mr
14,Mangesh Pawar,9794387997,Kalwan,Akola,20.579,76.8854,hi
15,Kailas Ingle,9826339585,Nanaj,Solapur,17.5526,75.8041,mr
16,Machhindra Patil,9823933939,Dindori,Pune,18.4228,73.7908,mr
17,Dattatray Meshram,9256500566,Patur,Jalgaon,21.0087,75.4613,hi
18,Bhaskar Meshram,9593966005,Kalmeshwar,Solapur,17.5757,75.8442,mr
19,Dnyaneshwar Salunkhe,9875085939,Chandur,Aurangabad,19.9342,74.7883,mr
20,Sanjay Kshirsagar,9281072372,Karad,Aurangabad,20.0225,74.8083,mr
21,Dnyaneshwar Jadhav,9354504841,Baramati,Sangli,16.7048,74.4742,mr
22,Eknath More,9174347013,Niphad,Kolhapur,16.7034,74.1764,mr
23,Pandurang Gaikwad,9513616151,Niphad,Pune,18.5337,73.9956,mr
24,Vandana Bagul,9123138181,Chopda,Nashik,20.2161,74.3277,mr
25,Eknath Wable,9412591237,Ozar,Nagpur,21.1847,79.2363,hi
26,Ashok Patil,9838358329,Tempale,Aurangabad,20.0088,74.665,mr
27,Dnyaneshwar Kadam,9619628345,Pimpalgaon,Akola,20.7106,76.8796,hi
28,Rameshwar Jadhav,9500488012,Partur,Nashik,20.2056,74.4232,mr
29,Shyam Thorat,9719465974,Patur,Nashik,20.2059,74.2593,mr
30,Gorakh Wankhede,9946098237,Shikrapur,Solapur,17.5333,75.9843,mr
31,Gorakh Ingle,9875975182,Kalmeshwar,Kolhapur,16.7016,74.2676,mr
32,Madhukar Bhosale,9882887726,Dindori,Kolhapur,16.5553,74.2121,mr
33,Balasaheb Khairnar,9445937013,Sakri,Satara,17.65,74.1079,mr
34,Dipak Kale,9760084777,Dindori,Pune,18.4891,73.9728,mr
35,Devendra Sharma,9841713664,Kalwan,Kolhapur,16.8532,74.1146,mr
36,Rangnath Bhalerao,9571650457,Kamptee,Amravati,20.8638,77.6693,hi
37,Dnyaneshwar Bhalerao,9607622746,Supa,Aurangabad,19.9573,74.8741,mr
38,Dattatray Wankhede,9548852459,Nilanga,Jalna,19.7488,75.7731,mr
39,Dattatray Bhoir,9170260566,Nanaj,Latur,18.2692,76.6023,mr
40,Sunil Sonawane,9589377863,Dindori,Akola,20.5981,77.1128,hi
41,Ashok Khade,9840357203,Kamptee,Satara,17.7585,74.0039,mr
42,Tukaram Mhaske,9706017836,Chandur,Nashik,20.064,74.2675,mr
43,Dattatray Mhaske,9634757553,Hatkanangale,Solapur,17.7744,76.0505,mr
44,Sopan Mhaske,9127107778,Kagal,Nashik,20.1052,74.1983,mr
45,Ramkrishna More,9958182715,Chopda,Pune,18.3747,73.9122,mr
46,Machhindra Kshirsagar,9150469207,Chandwad,Pune,18.5486,73.7545,mr
47,Ramesh Chavan,9648540795,Kalmeshwar,Latur,18.4369,76.5703,mr
48,Ganesh Bhoir,9257258396,Kalmeshwar,Dhule,20.7973,74.6554,mr
49,Ashok Sable,9761995408,Wadgaon,Dhule,20.9917,74.6842,mr
50,Rangnath Gaikwad,9457143194,Barshitakli,Dhule,20.8451,74.7097,mr
51,Rohit Khade,9137989133,Kagal,Nagpur,21.1734,79.2369,hi
52,Vandana Thorat,9556143202,Patur,Nagpur,21.1587,78.9662,hi
53,Rameshwar Sonawane,9212011195,Hatkanangale,Jalna,19.8671,75.7718,mr
54,Dnyaneshwar Khairnar,9689615826,Niphad,Pune,18.3518,73.9338,mr
55,Vijay Mhaske,9752384460,Chandur,Nashik,20.1754,74.3325,mr
56,Mohan Nikam,9434164413,Kalmeshwar,Pune,18.5156,73.7813,mr
57,Kailas Gholap,9908830187,Yeola,Akola,20.7734,76.9873,hi
58,Dnyaneshwar Khairnar,9524152988,Shikrapur,Aurangabad,20.0338,74.8948,mr
59,Mohan Kadam,9843575437,Patur,Akola,20.7891,77.0819,hi
60,Ramesh Bagul,9523473670,Tempale,Latur,18.2866,76.7071,mr
61,Sachin Nikam,9948813387,Kamptee,Ahmednagar,19.0388,74.8856,mr
62,Shekhar Aher,9834546523,Kavathe,Satara,17.825,73.9769,mr
63,Gorakh Sable,9444540790,Indapur,Nashik,20.276,74.2808,mr
64,Pandurang Mhaske,9982466909,Biloli,Nagpur,21.2448,79.0174,hi
65,Ramkrishna Jadhav,9558231228,Dindori,Sangli,16.9708,74.4375,mr
66,Nanasaheb Jadhav,9217552104,Chopda,Nanded,19.2802,77.3808,mr
67,Balasaheb More,9412234804,Nilanga,Satara,17.6629,74.1533,mr
68,Shekhar Pawar,9366478095,Patur,Nashik,20.1681,74.2063,mr
69,Sanjay Kadam,9920846953,Badnapur,Solapur,17.7768,76.0373,mr
70,Mohan Sable,9463724792,Ozar,Dhule,20.8917,74.6913,mr
71,Sachin Dhage,9314635745,Sakri,Akola,20.63,76.9497,hi
72,Pandurang Gaikwad,9816696961,Deglur,Pune,18.4575,73.8852,mr
73,Hiralal Sable,9365377644,Kurkumbh,Akola,20.6631,77.1204,hi
74,Rameshwar Jadhav,9921539199,Wadgaon,Nashik,20.261,74.4653,mr
75,Sunil Bagul,9157194697,Miraj,Ahmednagar,18.9509,74.6816,mr
76,Rohit Pawar,9620471768,Hatkanangale,Nanded,19.0505,77.3316,mr
77,Somnath Gaikwad,9505098522,Karad,Amravati,20.9423,77.8325,hi
78,Sopan Deore,9505717337,Nanaj,Sangli,16.7966,74.6223,mr
79,Hiralal Sonawane,9830733505,Chandwad,Kolhapur,16.556,74.2347,mr
80,Manisha Sonawane,9454537524,Wadgaon,Kolhapur,16.6293,74.2949,mr
81,Pandurang Khade,9991975204,Nanaj,Jalgaon,21.035,75.54,hi
82,Sachin Pawar,9835146856,Kavathe,Aurangabad,19.8395,74.6247,mr
83,Vilas Bhalerao,9295332928,Kalwan,Nashik,20.2578,74.2948,mr
84,Somnath Nikam,9786451152,Nilanga,Ahmednagar,19.1947,74.7985,mr
85,Shobha Kale,9160354866,Erandol,Solapur,17.558,75.9025,mr
86,Shyam Bhoir,9935648439,Niphad,Pune,18.4308,74.0152,mr
87,Vijay Sable,9553339961,Sakri,Nanded,19.0561,77.4592,mr
88,Balasaheb Bagul,9965897307,Shikrapur,Nashik,20.1499,74.3663,mr
89,Vijay Patil,9106595076,Nanaj,Satara,17.7464,73.9706,mr
90,Rangnath Rathod,9757167099,Wadgaon,Sangli,16.9509,74.5106,mr
91,Mangesh Deshmukh,9538447673,Miraj,Nashik,20.2787,74.3845,mr
92,Ashok Bagul,9246854385,Dindori,Nanded,19.1859,77.3269,mr
93,Devendra Sonawane,9369281959,Supa,Pune,18.3917,73.8104,mr
94,Dattatray Khairnar,9615823666,Sakri,Solapur,17.7719,75.8423,mr
95,Prakash Shinde,9714070241,Vathar,Nagpur,21.0659,79.0499,hi
96,Shekhar Deshmukh,9119277565,Partur,Jalgaon,20.9921,75.6589,hi
97,Dnyaneshwar Wable,9780325864,Chandur,Nanded,18.9948,77.3405,mr
98,Omprakash Wankhede,9915772322,Ashta,Pune,18.3843,73.9377,mr
99,Eknath Wable,9556146756,Dindori,Ahmednagar,19.195,74.7453,mr
100,Bhaskar Shinde,9782727997,Ozar,Aurangabad,19.9691,74.8235,mr
101,Nanasaheb Khairnar,9293791460,Karad,Nashik,20.2,74.2593,mr
102,Kailas Shinde,9138315702,Kavathe,Akola,20.6191,76.9361,hi
103,Machhindra Kshirsagar,9670991458,Tempale,Satara,17.5718,74.1211,mr
104,Ashok Nikam,9971781255,Sinnar,Kolhapur,16.6382,74.0964,mr
105,Nanasaheb Deshmukh,9467183015,Tempale,Ahmednagar,19.0283,74.7074,mr
106,Shyam Wagh,9590808442,Ausa,Sangli,16.9374,74.5913,mr
107,Dipak Patil,9609011736,Kavathe,Amravati,20.9295,77.7304,hi
108,Vilas Wagh,9353525148,Kalmeshwar,Pune,18.479,73.7774,mr
109,Vandana Kshirsagar,9798822757,Biloli,Amravati,20.9418,77.6437,hi
110,Kailas Wankhede,9687523301,Hatkanangale,Pune,18.5103,73.853,mr
111,Pandurang Mhaske,9574585096,Kavathe,Dhule,21.047,74.7395,mr
112,Shekhar Gaikwad,9265041816,Nanaj,Nagpur,21.1929,79.1537,hi
113,Rangnath Sonawane,9779626984,Niphad,Nanded,19.2182,77.4388,mr
114,Sachin Bhosale,9309588807,Karad,Nagpur,21.2323,79.173,hi
115,Devendra Bagul,9164431462,Partur,Solapur,17.6169,76.0236,mr
116,Dnyaneshwar Dhage,9701759190,Dindori,Jalgaon,20.8707,75.624,hi
117,Sanjay Bhoir,9345368260,Chandur,Nagpur,21.1887,79.1564,hi
118,Gorakh Chaudhari,9842352174,Rahuri,Nashik,20.1639,74.2695,mr
119,Dipak Chaudhari,9308870117,Chandwad,Kolhapur,16.8147,74.0969,mr
120,Vijay Kale,9969267480,Kamptee,Ahmednagar,19.0299,74.6447,mr
121,Sopan Kadam,9213050158,Kurkumbh,Nagpur,21.2454,79.2207,hi
122,Gorakh Chavan,9941178028,Wadgaon,Pune,18.6306,73.7603,mr
123,Mohan Pawar,9832221126,Chandwad,Aurangabad,19.9677,74.8816,mr
124,Rekha Jadhav,9629297094,Dindori,Nashik,20.0217,74.2489,mr
125,Rangnath Ingle,9748671655,Nilanga,Dhule,20.7639,74.7576,mr
126,Dnyaneshwar Deshmukh,9187283889,Chandwad,Jalna,19.8783,75.8363,mr
127,Kailas Wable,9129962147,Kagal,Nagpur,21.1558,79.1539,hi
128,Dipak Pawar,9729513453,Deglur,Pune,18.4551,74.0111,mr
129,Hiralal Rathod,9137609508,Pimpalgaon,Aurangabad,19.8643,74.8623,mr
130,Somnath Khairnar,9128019937,Chopda,Amravati,21.0795,77.6606,hi
131,Balasaheb Patil,9756011561,Baramati,Sangli,16.99,74.5587,mr
132,Vijay Dhage,9232526398,Patur,Nagpur,21.0912,79.0697,hi
133,Dipak Deshmukh,9588150608,Badnapur,Aurangabad,19.9199,74.7254,mr
134,Rohit Bhalerao,9894211088,Kamptee,Dhule,20.8599,74.8181,mr
135,Dattatray Rathod,9489479484,Ashta,Amravati,20.9126,77.8106,hi
136,Somnath Kadam,9862955298,Nanaj,Pune,18.4749,73.7884,mr
137,Devendra Jadhav,9885281087,Hatkanangale,Akola,20.6629,77.0867,hi
138,Manisha Rathod,9891345448,Yeola,Jalna,19.7131,75.9808,mr
139,Mohan Deshmukh,9395859125,Biloli,Nashik,20.2166,74.1988,mr
140,Manisha Shinde,9757765480,Nanaj,Solapur,17.7495,75.7748,mr
141,Manisha Shinde,9634044982,Rahuri,Nagpur,21.1739,79.0169,hi
142,Rangnath Dhage,9109284876,Patur,Nashik,20.2507,74.4427,mr
143,Rameshwar Bhosale,9279704702,Nanaj,Kolhapur,16.7863,74.1612,mr
144,Rangnath Patil,9834426265,Chandur,Kolhapur,16.8049,74.1776,mr
145,Shyam Thorat,9881817964,Rahuri,Solapur,17.8005,76.0496,mr
146,Kailas Sable,9543337945,Miraj,Akola,20.6097,76.9538,hi
147,Madhukar Gaikwad,9661002795,Patur,Kolhapur,16.7246,74.1819,mr
148,Shobha Sonawane,9773653078,Kalwan,Sangli,16.9476,74.5287,mr
149,Shyam Sonawane,9794550388,Kagal,Aurangabad,19.9682,74.6404,mr
150,Vijay Deore,9205193404,Nilanga,Akola,20.8133,77.0117,hi
151,Manisha Ingle,9132717555,Miraj,Latur,18.5523,76.5043,mr
152,Vilas Wankhede,9129932493,Kamptee,Ahmednagar,19.1843,74.7777,mr
153,Shobha More,9908510970,Hatkanangale,Sangli,16.8969,74.7142,mr
154,Pandurang Salunkhe,9574277275,Deglur,Nagpur,21.2543,79.1237,hi
155,Sunita Wable,9482317533,Dindori,Sangli,16.9808,74.7069,mr
156,Ashok Sable,9922696166,Nanaj,Dhule,20.7655,74.7932,mr
157,Dnyaneshwar Deshmukh,9459054272,Deglur,Aurangabad,20.0468,74.7115,mr
158,Pandurang Wankhede,9428800087,Yeola,Pune,18.5228,73.8272,mr
159,Vilas Patil,9846347155,Hatkanangale,Nashik,19.9987,74.4031,mr
160,Sopan Gaikwad,9404357296,Chopda,Satara,17.6553,74.0855,mr
161,Nanasaheb Kadam,9954265325,Niphad,Aurangabad,20.0607,74.7015,mr
162,Pandurang More,9910674125,Partur,Kolhapur,16.6687,74.3604,mr
163,Shyam Rathod,9982333342,Sinnar,Akola,20.6836,77.1378,hi
164,Ashok Meshram,9395963084,Ozar,Pune,18.491,74.0085,mr
165,Nitin Tiwari,9887204736,Yeola,Jalna,19.7016,75.8703,mr
166,Ramkrishna Chaudhari,9303495524,Ashta,Solapur,17.6365,75.8362,mr
167,Tukaram Wable,9229792978,Shikrapur,Aurangabad,20.0559,74.6573,mr
168,Nanasaheb Pawar,9220274471,Supa,Aurangabad,20.0242,74.8238,mr
169,Bhaskar Deore,9188505339,Karad,Pune,18.5317,73.8186,mr
170,Tukaram Chavan,9840059491,Baramati,Jalgaon,20.9827,75.4402,hi
171,Pandurang Wagh,9720950326,Kavathe,Nashik,20.1325,74.2631,mr
172,Vilas Tiwari,9673108885,Wadgaon,Akola,20.6192,77.1086,hi
173,Omprakash Wagh,9470078803,Nilanga,Solapur,17.644,75.9059,mr
174,Hiralal Aher,9770990276,Baramati,Pune,18.3976,73.9504,mr
175,Nanasaheb Bagul,9880371294,Partur,Nashik,20.0549,74.3204,mr
176,Sunil Meshram,9905125318,Sinnar,Jalgaon,20.9515,75.6366,hi
177,Vilas Bhalerao,9659409635,Indapur,Nanded,18.9988,77.3127,mr
178,Madhukar Khairnar,9125493101,Sinnar,Pune,18.5751,73.7603,mr
179,Ganesh Wankhede,9702776965,Wadgaon,Solapur,17.6892,76.039,mr
180,Sachin Khairnar,9950272974,Miraj,Jalgaon,20.8864,75.5788,hi
181,Rohit Dhage,9667650887,Barshitakli,Aurangabad,20.0345,74.8234,mr
182,Gorakh Chavan,9191444373,Patur,Nashik,20.0071,74.4586,mr
183,Shankar Sable,9653492858,Miraj,Nashik,20.0216,74.3795,mr
184,Shobha More,9922163516,Kurkumbh,Ahmednagar,19.1509,74.646,mr
185,Dattatray Wable,9896274537,Deglur,Pune,18.4893,73.8272,mr
186,Prakash Nikam,9761954751,Vathar,Nashik,20.1179,74.393,mr
187,Bhaskar Rathod,9954632231,Supa,Aurangabad,19.8925,74.8042,mr
188,Pandurang Wagh,9684836918,Niphad,Nagpur,21.1247,78.9592,hi
189,Ganesh Tiwari,9416221930,Partur,Nagpur,21.285,79.228,hi
190,Rekha More,9199355102,Badnapur,Ahmednagar,19.1495,74.6381,mr
191,Manisha Bhalerao,9577253866,Wadgaon,Pune,18.6069,73.7435,mr
192,Kailas Khairnar,9631355639,Shrirampur,Solapur,17.8091,76.0035,mr
193,Kailas Bhoir,9234151348,Rahuri,Ahmednagar,19.0426,74.813,mr
194,Nanasaheb Khairnar,9528316816,Dindori,Latur,18.4424,76.4285,mr
195,Ramkrishna Gholap,9577479809,Kamptee,Ahmednagar,18.9521,74.6786,mr
196,Vandana Wankhede,9349299082,Ausa,Aurangabad,19.9446,74.8423,mr
197,Manisha Gholap,9892341248,Tempale,Nanded,19.0292,77.2917,mr
198,Nitin Chavan,9890621256,Vathar,Nagpur,21.0747,79.1064,hi
199,Shankar Bhoir,9201705069,Pimpalgaon,Amravati,20.8765,77.6622,hi
200,Sunil Deshmukh,9821812099,Tempale,Nashik,20.1592,74.434,mr
201,Nanasaheb Kale,9728507906,Indapur,Nashik,20.1412,74.1935,mr
202,Ganesh Khairnar,9556668944,Patur,Latur,18.2613,76.5243,mr
203,Nitin Thorat,9166449028,Rahuri,Nashik,20.1807,74.3563,mr
204,Gorakh Khade,9152441337,Niphad,Pune,18.4368,73.9465,mr
205,Rameshwar Tiwari,9446039709,Pargaon,Jalgaon,21.1048,75.4535,hi
206,Somnath Khade,9583596791,Kamptee,Jalgaon,21.0332,75.5783,hi
207,Rekha Mhaske,9929890545,Nilanga,Amravati,21.0625,77.6362,hi
208,Dipak Mhaske,9279436743,Kalwan,Sangli,16.9242,74.4715,mr
209,Bhaskar Bhosale,9341949478,Erandol,Nagpur,21.0234,79.2137,hi
210,Shyam Deore,9787305593,Deglur,Nanded,19.0689,77.2858,mr
211,Pandurang Shinde,9215444604,Chopda,Satara,17.7642,73.8941,mr
212,Mangesh Sharma,9178707708,Chandwad,Solapur,17.704,75.8361,mr
213,Sunita Kale,9246749011,Kamptee,Solapur,17.572,75.8665,mr
214,Mohan Aher,9110522147,Wadgaon,Dhule,20.8306,74.8987,mr
215,Balasaheb Wankhede,9530311802,Dindori,Nagpur,21.2887,79.0481,hi
216,Rangnath Shinde,9839910692,Karad,Aurangabad,19.8671,74.742,mr
217,Madhukar Patil,9920159936,Ashta,Nagpur,21.1246,78.9937,hi
218,Vijay Wable,9280585060,Pargaon,Pune,18.3794,73.7792,mr
219,Ramkrishna Bhalerao,9925820872,Baramati,Nashik,20.1216,74.2717,mr
220,Somnath Ingle,9400922291,Biloli,Pune,18.4521,73.8912,mr
221,Rangnath Bhalerao,9735736570,Pargaon,Nashik,20.2358,74.3303,mr
222,Sopan Pawar,9961864582,Miraj,Pune,18.3676,73.7788,mr
223,Sopan Gholap,9639392405,Yeola,Solapur,17.5153,75.9597,mr
224,Sanjay Sharma,9818137220,Partur,Solapur,17.7215,75.8232,mr
225,Vijay Pawar,9100090196,Partur,Sangli,16.8316,74.6301,mr
226,Devendra Bagul,9369170895,Chopda,Latur,18.4819,76.5828,mr
227,Sunil Sonawane,9656538113,Kalwan,Sangli,16.7182,74.4639,mr
228,Rohit Jadhav,9828688252,Ozar,Aurangabad,19.861,74.8654,mr
229,Balasaheb Khairnar,9142561302,Chandur,Solapur,17.7307,75.8595,mr
230,Nanasaheb Wankhede,9186520679,Kalwan,Ahmednagar,19.0026,74.7743,mr
231,Rameshwar Ingle,9166705602,Supa,Nashik,20.1277,74.3054,mr
232,Kailas Deshmukh,9418718954,Baramati,Kolhapur,16.7518,74.2541,mr
233,Ganesh Kale,9751417430,Karad,Jalna,19.755,75.939,mr
234,Hiralal Wankhede,9144649632,Pargaon,Jalgaon,21.0588,75.6626,hi
235,Nanasaheb Nikam,9976217144,Ashta,Jalgaon,21.0782,75.6227,hi
236,Ramkrishna Aher,9590639621,Supa,Amravati,20.8431,77.6885,hi
237,Prakash Shinde,9657586837,Patur,Latur,18.498,76.4119,mr
238,Devendra Chavan,9403421049,Partur,Satara,17.5752,73.9307,mr
239,Rameshwar Ingle,9261082632,Badnapur,Nashik,20.0359,74.201,mr
240,Mangesh Bhoir,9747044424,Pargaon,Solapur,17.5845,75.883,mr
241,Mangesh Shinde,9284428725,Shrirampur,Solapur,17.7074,76.0478,mr
242,Nitin Khairnar,9179297928,Barshitakli,Satara,17.7733,73.962,mr
243,Shankar Deore,9484915168,Sakri,Pune,18.5493,73.794,mr
244,Ramesh Rathod,9747795304,Supa,Nagpur,21.0331,79.0941,hi
245,Dipak Chaudhari,9552361158,Miraj,Pune,18.4853,73.9268,mr
246,Bhaskar Chavan,9935188202,Supa,Sangli,16.9942,74.4769,mr
247,Eknath Rathod,9735372439,Niphad,Pune,18.378,73.9996,mr
248,Ganesh Deshmukh,9266543420,Pimpalgaon,Pune,18.3694,74.0015,mr
249,Mohan Bagul,9606598215,Miraj,Nagpur,21.2667,79.0829,hi
250,Manisha Sable,9738962271,Chandwad,Jalgaon,20.8807,75.6149,hi
251,Vijay Meshram,9355790549,Ausa,Jalna,19.99,75.8042,mr
252,Eknath Rathod,9518806856,Patur,Pune,18.4204,73.7495,mr
253,Sopan Salunkhe,9237200833,Sakri,Dhule,20.9556,74.7612,mr
254,Rangnath Pawar,9881289935,Pimpalgaon,Nashik,20.0383,74.1793,mr
255,Vandana Bagul,9202098780,Kavathe,Pune,18.6084,73.7743,mr
256,Eknath Gaikwad,9777361522,Pargaon,Akola,20.7393,77.1085,hi
257,Machhindra Chavan,9134671314,Sakri,Latur,18.5293,76.6492,mr
258,Rekha Khairnar,9240728023,Supa,Nagpur,21.0412,79.0805,hi
259,Ashok Ingle,9163761028,Biloli,Satara,17.6187,74.1297,mr
260,Shankar Deore,9355088772,Hatkanangale,Dhule,20.8913,74.9038,mr
261,Tukaram Salunkhe,9560922684,Tempale,Nashik,20.1477,74.179,mr
262,Eknath Khairnar,9424728557,Biloli,Nashik,20.0979,74.309,mr
263,Sunita Nikam,9744987546,Niphad,Solapur,17.5141,75.8431,mr
264,Sunil Bhosale,9347084995,Biloli,Pune,18.3437,73.8936,mr
265,Dattatray Gaikwad,9220492294,Deglur,Akola,20.6723,77.0792,hi
266,Sopan Khairnar,9800838358,Patur,Satara,17.5583,73.9791,mr
267,Balasaheb More,9518005525,Chandwad,Pune,18.3883,73.8193,mr
268,Ramesh Deore,9269542485,Vathar,Latur,18.3966,76.6457,mr
269,Dipak Gaikwad,9854909318,Rahuri,Ahmednagar,18.951,74.8242,mr
270,Sanjay Tiwari,9204502080,Ashta,Amravati,21.0428,77.63,hi
271,Rekha Bagul,9868296832,Badnapur,Nashik,20.0159,74.4477,mr
272,Ashok Aher,9167823417,Indapur,Nashik,20.1136,74.2423,mr
273,Ashok Bhosale,9853188758,Sinnar,Nashik,20.0502,74.3987,mr
274,Ramesh Bhoir,9738412239,Miraj,Solapur,17.6922,75.9599,mr
275,Hiralal Bagul,9930008571,Kalwan,Sangli,16.7346,74.4579,mr
276,Rekha Rathod,9223376246,Rahuri,Satara,17.7866,73.9528,mr
277,Ashok Nikam,9315748212,Indapur,Jalna,19.8638,75.9838,mr
278,Rekha Pawar,9166286033,Miraj,Amravati,20.8096,77.6379,hi
279,Shekhar Sonawane,9297119215,Karad,Nashik,20.0696,74.4656,mr
280,Dattatray Chaudhari,9229209609,Nanaj,Nashik,20.2317,74.2851,mr
281,Sunita Gaikwad,9561798998,Erandol,Dhule,20.8687,74.6776,mr
282,Somnath Kshirsagar,9463781496,Yeola,Latur,18.2709,76.458,mr
283,Sanjay Khairnar,9316552328,Sinnar,Pune,18.4462,73.9714,mr
284,Dattatray Aher,9472807099,Patur,Pune,18.3937,73.8916,mr
285,Machhindra Aher,9408559344,Shikrapur,Nagpur,21.0121,78.9658,hi
286,Rekha Kale,9878676142,Tempale,Satara,17.7953,74.1698,mr
287,Machhindra Sharma,9267326941,Tempale,Jalgaon,21.1525,75.5114,hi
288,Vilas Gholap,9565540565,Miraj,Nashik,20.1903,74.3103,mr
289,Gorakh Wankhede,9390552055,Deglur,Nashik,20.192,74.2769,mr
290,Mohan Wable,9812048974,Ozar,Akola,20.5793,77.1117,hi
291,Mangesh Bhosale,9354456014,Kurkumbh,Pune,18.6181,73.7371,mr
292,Sopan Dhage,9252498703,Kurkumbh,Dhule,20.7955,74.8626,mr
293,Ramkrishna Dhage,9949726885,Chandur,Kolhapur,16.6915,74.256,mr
294,Gorakh Bhosale,9213317311,Rahuri,Jalgaon,21.0641,75.6279,hi
295,Shekhar Wankhede,9216008333,Nilanga,Ahmednagar,19.0538,74.7993,mr
296,Sunita Sable,9490852852,Niphad,Nashik,20.1813,74.3278,mr
297,Devendra Chaudhari,9281059177,Indapur,Nashik,20.2523,74.2901,mr
298,Shekhar Bhoir,9522570990,Supa,Pune,18.3712,73.8667,mr
299,Sunil Bhalerao,9689909367,Barshitakli,Jalna,19.8874,76.0179,mr
300,Shankar Bhalerao,9189944107,Rahuri,Nanded,19.1725,77.2248,mr
301,Rekha Shinde,9809412271,Miraj,Akola,20.7309,77.0197,hi
302,Shobha Khade,9181862573,Shrirampur,Latur,18.4068,76.4213,mr
303,Rangnath Tiwari,9882728641,Vathar,Satara,17.7869,74.1223,mr
304,Shankar Wagh,9488137678,Shrirampur,Latur,18.4932,76.5767,mr
305,Mangesh Sharma,9741418147,Badnapur,Dhule,20.907,74.6409,mr
306,Madhukar Jadhav,9471316981,Kurkumbh,Nanded,19.1536,77.3296,mr
307,Sunil Kale,9623280491,Ausa,Pune,18.5812,73.821,mr
308,Shekhar Chaudhari,9326268647,Erandol,Jalna,19.8621,75.9898,mr
309,Bhaskar Khade,9968303533,Dindori,Jalgaon,20.8886,75.6455,hi
310,Shobha Kale,9957229431,Tempale,Jalna,19.766,75.8151,mr
311,Sopan Tiwari,9432370501,Ashta,Pune,18.4898,73.7639,mr
312,Ganesh Thorat,9187967608,Biloli,Dhule,20.7852,74.6877,mr
313,Rohit Sharma,9979826856,Hatkanangale,Solapur,17.6577,75.9051,mr
314,Rameshwar Bhalerao,9112675337,Sakri,Kolhapur,16.7861,74.2459,mr
315,Rekha Khairnar,9813041154,Indapur,Sangli,16.8998,74.5037,mr
316,Kailas Sonawane,9414819563,Wadgaon,Amravati,20.7911,77.8522,hi
317,Sopan Chaudhari,9347395902,Ashta,Nashik,20.0798,74.2035,mr
318,Shekhar Gholap,9893129045,Chandur,Dhule,21.0114,74.9033,mr
319,Dnyaneshwar Khade,9880135646,Wadgaon,Nashik,20.1026,74.416,mr
320,Eknath Shinde,9417723808,Indapur,Dhule,20.9816,74.6968,mr
321,Pandurang Wankhede,9720407557,Patur,Nashik,20.0792,74.2681,mr
322,Rohit Bagul,9915072693,Ashta,Nashik,20.251,74.2587,mr
323,Vijay Thorat,9250774953,Karad,Akola,20.7273,76.9631,hi
324,Sunil Pawar,9537946458,Yeola,Sangli,16.8141,74.6921,mr
325,Somnath Patil,9423831749,Niphad,Ahmednagar,19.0712,74.6552,mr
326,Ganesh Gholap,9105742984,Sakri,Satara,17.7481,74.0052,mr
327,Rangnath Deshmukh,9505674691,Hatkanangale,Pune,18.5724,73.9953,mr
328,Eknath Gholap,9159889725,Dindori,Dhule,20.8592,74.7672,mr
329,Sanjay Bhoir,9928406103,Chandur,Kolhapur,16.7278,74.2865,mr
330,Sachin Bagul,9429001798,Shrirampur,Latur,18.3257,76.5138,mr
331,Mangesh Chavan,9402656465,Baramati,Jalgaon,21.0113,75.6362,hi
332,Mohan Wable,9660884185,Nilanga,Ahmednagar,19.0256,74.8603,mr
333,Vijay Sonawane,9342598588,Sakri,Kolhapur,16.6559,74.3248,mr
334,Devendra Bhoir,9688741220,Pargaon,Sangli,16.7239,74.6787,mr
335,Ramesh Jadhav,9187528878,Ashta,Amravati,21.058,77.8999,hi
336,Ganesh Thorat,9414056911,Tempale,Solapur,17.7841,75.8339,mr
337,Manisha More,9765851423,Chandwad,Solapur,17.5123,75.8586,mr
338,Ashok Mhaske,9659135806,Partur,Nashik,20.2121,74.2214,mr
339,Sachin Sharma,9761818600,Deglur,Nashik,20.0244,74.2803,mr
340,Mohan Deore,9910528245,Dindori,Dhule,20.7675,74.6693,mr
341,Devendra Sable,9417290433,Ashta,Pune,18.6236,73.836,mr
342,Manisha Bagul,9267854979,Nanaj,Nagpur,21.0153,79.2315,hi
343,Nanasaheb Pawar,9381702872,Kavathe,Ahmednagar,19.1386,74.7103,mr
344,Ramkrishna Wankhede,9110817680,Biloli,Dhule,21.0243,74.7101,mr
345,Tukaram Kadam,9797681803,Kagal,Dhule,20.8311,74.8009,mr
346,Bhaskar Kale,9115987642,Dindori,Nashik,20.1662,74.4455,mr
347,Eknath Dhage,9942863348,Vathar,Pune,18.3703,73.9243,mr
348,Dipak Tiwari,9536821541,Supa,Nashik,20.1602,74.1838,mr
349,Sunita Khade,9612551634,Kamptee,Dhule,20.8273,74.7147,mr
350,Eknath Bhosale,9139826960,Patur,Nanded,19.0246,77.2472,mr
351,Rekha Chaudhari,9885342812,Patur,Nashik,20.1942,74.2461,mr
352,Machhindra Wagh,9804945245,Biloli,Nagpur,21.2264,78.9433,hi
353,Pandurang More,9712597635,Chopda,Aurangabad,19.9107,74.6774,mr
354,Madhukar Salunkhe,9632584142,Chopda,Solapur,17.5785,75.9258,mr
355,Tukaram Pawar,9337901747,Niphad,Pune,18.514,73.8838,mr
356,Ganesh Kale,9465213662,Nanaj,Nashik,20.2684,74.4382,mr
357,Ganesh Bagul,9783943993,Kalmeshwar,Pune,18.3858,73.7353,mr
358,Mangesh Shinde,9901006202,Yeola,Sangli,16.9205,74.6597,mr
359,Dnyaneshwar Mhaske,9194894723,Vathar,Pune,18.5515,73.8355,mr
360,Shankar Mhaske,9328904306,Chandwad,Satara,17.6423,73.8787,mr
361,Mangesh More,9982977044,Nilanga,Nagpur,21.1997,79.175,hi
362,Dattatray Kadam,9914790386,Shrirampur,Nagpur,21.2536,79.2347,hi
363,Sunita Khade,9629224365,Karad,Pune,18.5375,73.7253,mr
364,Sachin Mhaske,9904353636,Miraj,Kolhapur,16.8156,74.3097,mr
365,Somnath Meshram,9444770368,Pimpalgaon,Nagpur,21.2107,79.0265,hi
366,Gorakh Bhalerao,9226038180,Supa,Pune,18.5707,73.9009,mr
367,Madhukar Gaikwad,9717815376,Niphad,Nanded,19.2694,77.2696,mr
368,Shekhar Khairnar,9567088681,Rahuri,Solapur,17.5297,76.0368,mr
369,Bhaskar Bhalerao,9543258449,Kavathe,Jalgaon,21.0316,75.4821,hi
370,Devendra Kale,9776330355,Kamptee,Solapur,17.6129,75.8382,mr
371,Rekha Meshram,9727830253,Kalwan,Nanded,19.1764,77.3515,mr
372,Bhaskar Khairnar,9836095322,Pargaon,Nagpur,21.2818,79.0164,hi
373,Eknath Bhalerao,9679793641,Badnapur,Pune,18.5416,73.8117,mr
374,Kailas Chavan,9302755584,Kamptee,Latur,18.3855,76.7026,mr
375,Eknath Deore,9869099373,Miraj,Kolhapur,16.7713,74.2253,mr
376,Shekhar Patil,9564204392,Biloli,Nanded,19.0776,77.4256,mr
377,Dnyaneshwar Tiwari,9586010851,Biloli,Pune,18.4503,73.7913,mr
378,Hiralal Gaikwad,9355109231,Miraj,Pune,18.4833,73.7635,mr
379,Tukaram Kshirsagar,9646441305,Hatkanangale,Amravati,20.9972,77.6514,hi
380,Omprakash Kale,9435759359,Ashta,Ahmednagar,19.1115,74.6117,mr
381,Hiralal Shinde,9747647280,Hatkanangale,Aurangabad,20.0558,74.8658,mr
382,Dipak Kshirsagar,9790411694,Tempale,Ahmednagar,19.1959,74.6035,mr
383,Machhindra Chavan,9608923467,Vathar,Satara,17.6578,73.9977,mr
384,Sunil Bhoir,9273396927,Wadgaon,Jalgaon,20.9805,75.5597,hi
385,Vandana Sonawane,9184191667,Baramati,Nashik,20.1773,74.3212,mr
386,Kailas Nikam,9269173795,Ozar,Aurangabad,19.806,74.6283,mr
387,Ashok Sable,9494049248,Erandol,Pune,18.6159,73.8588,mr
388,Vijay Bagul,9527713129,Shrirampur,Akola,20.6064,77.0626,hi
389,Vilas Khade,9349965970,Nilanga,Dhule,20.9241,74.6288,mr
390,Tukaram Meshram,9501017233,Kalmeshwar,Kolhapur,16.8536,74.105,mr
391,Tukaram Khairnar,9423293093,Hatkanangale,Nagpur,21.0657,79.1737,hi
392,Sunita Thorat,9535347047,Miraj,Latur,18.5508,76.5585,mr
393,Pandurang Gholap,9302115817,Kagal,Nashik,20.2764,74.4139,mr
394,Rangnath Ingle,9387590352,Kavathe,Ahmednagar,19.0878,74.8505,mr
395,Prakash Bhalerao,9611847648,Chandur,Kolhapur,16.8187,74.2497,mr
396,Omprakash Dhage,9683699395,Kavathe,Jalgaon,20.8681,75.6875,hi
397,Vilas Deore,9246489526,Kagal,Pune,18.5686,73.7243,mr
398,Bhaskar Sonawane,9907970929,Chandwad,Nashik,20.0929,74.3117,mr
399,Nanasaheb Mhaske,9858446274,Patur,Nashik,20.2124,74.2422,mr
400,Vilas Deshmukh,9899130606,Partur,Aurangabad,19.7857,74.6507,mr
401,Ramkrishna Nikam,9228639178,Biloli,Sangli,16.7559,74.6677,mr
402,Rohit Khade,9153536953,Indapur,Pune,18.4312,73.8575,mr
403,Vilas More,9591416668,Karad,Sangli,16.9455,74.4826,mr
404,Shekhar Nikam,9450103873,Tempale,Sangli,16.8621,74.5078,mr
405,Dnyaneshwar Wankhede,9230361614,Ozar,Jalgaon,20.9219,75.6191,hi
406,Sunil Sonawane,9931861565,Chandwad,Pune,18.4099,73.9029,mr
407,Mangesh Patil,9241496422,Kagal,Ahmednagar,18.9518,74.638,mr
408,Rameshwar Gaikwad,9140886448,Sinnar,Nagpur,21.0282,79.2217,hi
409,Hiralal Aher,9211944323,Sakri,Jalna,19.8011,75.7431,mr
410,Sachin Kadam,9919005380,Kalmeshwar,Jalna,19.7708,75.8183,mr
411,Rekha Rathod,9774437563,Ashta,Pune,18.5625,73.8078,mr
412,Dnyaneshwar Dhage,9103626842,Kalmeshwar,Pune,18.456,73.873,mr
413,Dipak Shinde,9308199929,Chandwad,Nashik,20.0156,74.1831,mr
414,Omprakash Patil,9802701507,Badnapur,Dhule,20.9696,74.9064,mr
415,Rohit Bhalerao,9414077376,Hatkanangale,Nashik,20.1726,74.3626,mr
416,Tukaram Sable,9869523890,Niphad,Ahmednagar,19.2279,74.7923,mr
417,Balasaheb More,9392666005,Rahuri,Nashik,20.2047,74.4414,mr
418,Tukaram Aher,9501736254,Shikrapur,Sangli,16.8177,74.602,mr
419,Vijay Deshmukh,9284445654,Badnapur,Nagpur,21.1678,79.1893,hi
420,Mohan Tiwari,9619680397,Shikrapur,Pune,18.3787,73.8159,mr
421,Shyam More,9722249408,Hatkanangale,Nashik,20.133,74.3936,mr
422,Rangnath Rathod,9692996419,Rahuri,Pune,18.5612,73.9111,mr
423,Tukaram Khade,9518127173,Karad,Akola,20.6191,76.8704,hi
424,Eknath Mhaske,9551599322,Supa,Pune,18.3817,73.8704,mr
425,Shobha Bhalerao,9853794377,Yeola,Akola,20.6291,77.1363,hi
426,Sanjay Gholap,9921151001,Sinnar,Solapur,17.686,76.0246,mr
427,Vijay Chaudhari,9618398783,Pimpalgaon,Jalgaon,20.8868,75.55,hi
428,Nanasaheb Wagh,9800087874,Niphad,Nashik,20.2199,74.4617,mr
429,Sunil Bhoir,9926044213,Nilanga,Pune,18.4238,73.8052,mr
430,Bhaskar Chavan,9942762360,Ozar,Sangli,16.9103,74.7216,mr
431,Machhindra Wagh,9997437828,Ozar,Solapur,17.766,75.7696,mr
432,Shyam Jadhav,9106591326,Rahuri,Nashik,20.0304,74.3961,mr
433,Rangnath Chavan,9997132454,Nilanga,Jalgaon,21.1453,75.4375,hi
434,Sachin Bhalerao,9105891291,Karad,Sangli,16.9314,74.4414,mr
435,Sopan Sable,9357794714,Ozar,Latur,18.3766,76.5223,mr
436,Balasaheb Thorat,9499461120,Shrirampur,Nashik,20.0232,74.2791,mr
437,Rohit Chaudhari,9763021629,Kamptee,Nanded,19.1287,77.2778,mr
438,Rekha Dhage,9168067912,Chandwad,Latur,18.3537,76.6523,mr
439,Pandurang Wagh,9415111572,Pimpalgaon,Nagpur,21.2808,79.189,hi
440,Ramkrishna Gholap,9929509797,Ausa,Solapur,17.7721,75.9652,mr
441,Omprakash Dhage,9646067232,Baramati,Pune,18.4244,73.9733,mr
442,Eknath Sharma,9964637154,Hatkanangale,Jalgaon,21.1201,75.5813,hi
443,Omprakash Kale,9863137332,Indapur,Pune,18.5035,73.743,mr
444,Sopan Gaikwad,9170050756,Baramati,Jalna,19.7367,75.7534,mr
445,Vandana Gaikwad,9419291658,Kurkumbh,Nashik,20.1756,74.2271,mr
446,Mangesh Wable,9849727394,Kamptee,Sangli,16.8899,74.5115,mr
447,Rekha Chavan,9589206912,Nilanga,Kolhapur,16.6567,74.2355,mr
448,Vandana Bhalerao,9501694924,Biloli,Nanded,19.0046,77.4686,mr
449,Rohit More,9752731734,Sinnar,Solapur,17.6404,76.0303,mr
450,Sunil Patil,9931262910,Barshitakli,Solapur,17.5316,75.859,mr
451,Ramesh Khairnar,9169910340,Vathar,Solapur,17.767,75.8139,mr
452,Ashok Gaikwad,9143578288,Niphad,Pune,18.458,73.9483,mr
453,Sopan Deshmukh,9791072512,Indapur,Dhule,20.9433,74.9229,mr
454,Nanasaheb Thorat,9406197839,Chopda,Pune,18.3925,73.9503,mr
455,Kailas Dhage,9519239287,Kavathe,Nashik,20.1537,74.2245,mr
456,Ramkrishna Sable,9718861525,Ausa,Nagpur,21.2235,79.0114,hi
457,Rohit More,9890569485,Kamptee,Nagpur,21.2697,79.2004,hi
458,Ramesh Ingle,9882705414,Kurkumbh,Pune,18.4928,73.9029,mr
459,Balasaheb Ingle,9635607795,Kalwan,Nanded,19.2457,77.4307,mr
460,Mangesh Kadam,9943558228,Erandol,Pune,18.4681,73.842,mr
461,Ashok Gholap,9374384249,Chandwad,Pune,18.399,73.7409,mr
462,Balasaheb Wankhede,9550928037,Ashta,Sangli,16.7717,74.5671,mr
463,Shobha Salunkhe,9388283580,Partur,Nanded,19.0636,77.3424,mr
464,Bhaskar Wagh,9932007378,Ashta,Pune,18.5635,73.9845,mr
465,Vandana Meshram,9869136336,Tempale,Sangli,16.8581,74.474,mr
466,Somnath Deore,9489005377,Chandwad,Pune,18.5409,73.739,mr
467,Ganesh Pawar,9714527674,Deglur,Aurangabad,19.9642,74.8631,mr
468,Sanjay Sonawane,9690898889,Baramati,Ahmednagar,19.0722,74.8608,mr
469,Sopan Bhosale,9224174864,Dindori,Latur,18.496,76.4994,mr
470,Somnath Bhosale,9414583870,Ozar,Pune,18.3429,73.8052,mr
471,Devendra Khairnar,9274547207,Baramati,Dhule,21.0233,74.9208,mr
472,Tukaram Sable,9411591089,Nilanga,Jalgaon,20.9887,75.5368,hi
473,Madhukar Chaudhari,9882861473,Kalwan,Akola,20.7983,76.9699,hi
474,Sopan Sonawane,9498415818,Pimpalgaon,Akola,20.7993,76.9449,hi
475,Rangnath Patil,9903212629,Ausa,Ahmednagar,19.1089,74.6207,mr
476,Shekhar Thorat,9886231186,Ozar,Nanded,19.1149,77.3752,mr
477,Tukaram Jadhav,9128060479,Chandur,Nashik,20.1751,74.1778,mr
478,Ramkrishna Chavan,9312675986,Chandur,Jalna,19.7853,75.9812,mr
479,Bhaskar More,9622061033,Barshitakli,Jalna,19.9801,75.901,mr
480,Somnath Bhalerao,9556366040,Kagal,Nashik,20.0346,74.451,mr
481,Vijay Khairnar,9979221623,Barshitakli,Pune,18.3932,73.7642,mr
482,Rameshwar Bhoir,9310168273,Kalmeshwar,Pune,18.3545,73.8332,mr
483,Rekha Jadhav,9218079396,Erandol,Aurangabad,19.9808,74.8604,mr
484,Ashok Bhoir,9239461517,Karad,Ahmednagar,19.1579,74.6454,mr
485,Vandana Jadhav,9763374400,Niphad,Kolhapur,16.7336,74.3625,mr
486,Shekhar Meshram,9292533048,Kalwan,Pune,18.3963,73.8724,mr
487,Eknath Wankhede,9302437788,Kurkumbh,Nagpur,21.2504,79.1679,hi
488,Shankar Wagh,9747583529,Niphad,Solapur,17.7139,75.8577,mr
489,Shobha Wankhede,9663241858,Kagal,Pune,18.3393,73.9583,mr
490,Dattatray Kadam,9782962324,Biloli,Jalgaon,20.969,75.4316,hi
491,Sopan Gaikwad,9617844231,Ashta,Kolhapur,16.6624,74.1133,mr
492,Ramkrishna Wankhede,9471069887,Kurkumbh,Latur,18.2916,76.6388,mr
493,Hiralal Mhaske,9114758732,Pargaon,Latur,18.3674,76.6502,mr
494,Dattatray Chavan,9486726795,Ozar,Pune,18.4568,73.9687,mr
495,Mangesh Ingle,9287792923,Yeola,Solapur,17.7408,75.9006,mr
496,Shankar Rathod,9757028085,Tempale,Akola,20.6974,77.0203,hi
497,Sunil Gholap,9342435403,Miraj,Nanded,19.03,77.251,mr
498,Sopan Aher,9813084144,Biloli,Nanded,19.0787,77.2852,mr
499,Ramesh Sable,9442966374,Hatkanangale,Nashik,20.2526,74.2445,mr
500,Bhaskar Rathod,9315948916,Miraj,Aurangabad,19.8191,74.6965,mr
